Player Name;Date;Day;Round;Venue;Result;Squad;Opponent;Start;Pos;Min;Gls;Ast;PK;PKatt;Sh;SoT;CrdY;CrdR;Touches;Tkl;Int;Blocks;xG;npxG;xAG;SCA;GCA;Cmp;Att;Cmp%;PrgP;Carries;PrgC;Att;Succ;Match Report
Virgil van Dijk;2023-08-13;Sun;Matchweek 1;Away;D 1–1;Liverpool;Chelsea;Y*;CB;90;0;0;0;0;1;0;0;0;49;1;3;1;0.0;0.0;0.0;2;0;26;33;78.8;1;17;0;0;0;Match Report
Virgil van Dijk;2023-08-19;Sat;Matchweek 2;Home;W 3–1;Liverpool;Bournemouth;Y*;CB;90;0;0;0;0;3;1;0;0;75;0;5;1;0.2;0.2;0.1;1;0;60;62;96.8;1;33;0;0;0;Match Report
Virgil van Dijk;2023-08-27;Sun;Matchweek 3;Away;W 2–1;Liverpool;Newcastle Utd;Y*;CB;27;0;0;0;0;0;0;0;1;22;0;0;0;0.0;0.0;0.0;0;0;18;21;85.7;0;15;0;0;0;Match Report
Virgil van Dijk;2023-09-24;Sun;Matchweek 6;Home;W 3–1;Liverpool;West Ham;Y*;CB;90;0;1;0;0;3;0;0;0;100;2;3;2;0.3;0.3;0.6;4;0;78;84;92.9;7;66;2;0;0;Match Report
Virgil van Dijk;2023-09-30;Sat;Matchweek 7;Away;L 1–2;Liverpool;Tottenham;Y*;CB;90;0;1;0;0;1;0;1;0;65;2;2;7;0.0;0.0;0.3;2;1;40;42;95.2;0;38;0;0;0;Match Report
Virgil van Dijk;2023-10-08;Sun;Matchweek 8;Away;D 2–2;Liverpool;Brighton;Y*;CB;90;0;0;0;0;0;0;0;0;85;1;0;2;0.0;0.0;0.0;0;0;68;73;93.2;4;50;0;0;0;Match Report
Virgil van Dijk;2023-10-21;Sat;Matchweek 9;Home;W 2–0;Liverpool;Everton;Y*;CB;90;0;0;0;0;0;0;0;0;116;2;0;0;0.0;0.0;0.0;2;0;97;108;89.8;10;56;0;0;0;Match Report
Virgil van Dijk;2023-10-29;Sun;Matchweek 10;Home;W 3–0;Liverpool;Nott'ham Forest;Y*;CB;90;0;0;0;0;0;0;0;0;122;1;1;2;0.0;0.0;0.0;4;0;105;113;92.9;12;73;1;0;0;Match Report
Virgil van Dijk;2023-11-05;Sun;Matchweek 11;Away;D 1–1;Liverpool;Luton Town;Y*;CB;90;0;0;0;0;1;0;0;0;127;1;0;0;0.1;0.1;0.0;2;0;108;117;92.3;11;91;0;0;0;Match Report
Virgil van Dijk;2023-11-12;Sun;Matchweek 12;Home;W 3–0;Liverpool;Brentford;Y*;CB;90;0;0;0;0;1;1;0;0;73;3;0;2;0.1;0.1;0.0;2;0;55;62;88.7;2;31;1;0;0;Match Report
Virgil van Dijk;2023-11-25;Sat;Matchweek 13;Away;D 1–1;Liverpool;Manchester City;Y*;CB;90;0;0;0;0;1;1;0;0;69;0;0;1;0.1;0.1;0.0;0;0;58;64;90.6;3;50;1;0;0;Match Report
Virgil van Dijk;2023-12-03;Sun;Matchweek 14;Home;W 4–3;Liverpool;Fulham;Y*;CB;90;0;0;0;0;2;0;0;0;121;2;4;1;0.2;0.2;0.0;2;0;90;108;83.3;5;81;1;0;0;Match Report
Virgil van Dijk;2023-12-06;Wed;Matchweek 15;Away;W 2–0;Liverpool;Sheffield Utd;Y*;CB;90;1;0;0;0;3;2;0;0;98;2;2;1;0.2;0.2;0.0;0;0;83;89;93.3;4;72;3;0;0;Match Report
Virgil van Dijk;2023-12-09;Sat;Matchweek 16;Away;W 2–1;Liverpool;Crystal Palace;Y*;CB;90;0;0;0;0;1;0;0;0;115;2;1;0;0.1;0.1;0.0;0;0;92;104;88.5;6;73;1;0;0;Match Report
Virgil van Dijk;2023-12-17;Sun;Matchweek 17;Home;D 0–0;Liverpool;Manchester Utd;Y*;CB;90;0;0;0;0;3;2;0;0;98;3;2;0;0.1;0.1;0.1;3;0;73;87;83.9;9;61;3;0;0;Match Report
Virgil van Dijk;2023-12-23;Sat;Matchweek 18;Home;D 1–1;Liverpool;Arsenal;Y*;CB;90;0;0;0;0;0;0;0;0;87;3;0;2;0.0;0.0;0.0;1;0;72;80;90.0;5;46;1;0;0;Match Report
Virgil van Dijk;2023-12-26;Tue;Matchweek 19;Away;W 2–0;Liverpool;Burnley;Y*;CB;90;0;0;0;0;1;0;0;0;112;0;1;0;0.1;0.1;0.0;2;0;97;104;93.3;5;69;2;1;1;Match Report
Virgil van Dijk;2024-01-01;Mon;Matchweek 20;Home;W 4–2;Liverpool;Newcastle Utd;Y*;CB;90;0;0;0;0;1;0;0;0;71;1;0;2;0.1;0.1;0.0;2;0;60;64;93.8;9;44;1;1;0;Match Report
Virgil van Dijk;2024-01-21;Sun;Matchweek 21;Away;W 4–0;Liverpool;Bournemouth;Y*;CB;90;0;0;0;0;0;0;0;0;63;0;0;5;0.0;0.0;0.0;1;0;48;53;90.6;3;31;0;0;0;Match Report
Virgil van Dijk;2024-01-31;Wed;Matchweek 22;Home;W 4–1;Liverpool;Chelsea;Y*;CB;90;0;0;0;0;1;0;0;0;69;0;2;0;0.0;0.0;0.0;2;1;57;64;89.1;2;43;0;0;0;Match Report
Virgil van Dijk;2024-02-04;Sun;Matchweek 23;Away;L 1–3;Liverpool;Arsenal;Y*;CB;90;0;0;0;0;1;0;0;0;107;1;2;1;0.0;0.0;0.0;3;0;87;97;89.7;3;68;0;0;0;Match Report
Virgil van Dijk;2024-02-10;Sat;Matchweek 24;Home;W 3–1;Liverpool;Burnley;Y*;CB;90;0;0;0;0;1;1;0;0;109;0;0;0;0.2;0.2;0.0;2;0;95;103;92.2;8;66;2;0;0;Match Report
Virgil van Dijk;2024-02-17;Sat;Matchweek 25;Away;W 4–1;Liverpool;Brentford;Y*;CB;90;0;0;0;0;1;0;0;0;79;0;1;2;0.1;0.1;0.4;3;1;62;69;89.9;6;49;1;0;0;Match Report
Virgil van Dijk;2024-02-21;Wed;Matchweek 26;Home;W 4–1;Liverpool;Luton Town;Y*;CB;90;1;0;0;0;2;2;0;0;77;0;0;2;0.2;0.2;0.0;1;0;59;66;89.4;1;41;0;1;0;Match Report
Virgil van Dijk;2024-03-02;Sat;Matchweek 27;Away;W 1–0;Liverpool;Nott'ham Forest;Y*;CB;90;0;0;0;0;0;0;0;0;109;0;1;1;0.0;0.0;0.0;2;0;98;104;94.2;11;69;2;0;0;Match Report
Virgil van Dijk;2024-03-10;Sun;Matchweek 28;Home;D 1–1;Liverpool;Manchester City;Y*;CB;90;0;0;0;0;1;0;0;0;91;4;4;0;0.0;0.0;0.0;2;0;78;80;97.5;4;54;0;0;0;Match Report
Virgil van Dijk;2024-03-31;Sun;Matchweek 30;Home;W 2–1;Liverpool;Brighton;Y*;CB;90;0;0;0;0;0;0;1;0;57;0;0;3;0.0;0.0;0.0;3;0;45;51;88.2;3;31;2;0;0;Match Report
Virgil van Dijk;2024-04-04;Thu;Matchweek 31;Home;W 3–1;Liverpool;Sheffield Utd;Y*;CB;90;0;0;0;0;1;1;0;0;107;1;0;1;0.0;0.0;0.0;4;1;99;101;98.0;9;81;2;0;0;Match Report
Virgil van Dijk;2024-04-07;Sun;Matchweek 32;Away;D 2–2;Liverpool;Manchester Utd;Y*;CB;90;0;0;0;0;0;0;0;0;76;1;1;1;0.0;0.0;0.0;0;0;65;69;94.2;7;46;1;0;0;Match Report
Virgil van Dijk;2024-04-14;Sun;Matchweek 33;Home;L 0–1;Liverpool;Crystal Palace;Y*;CB;90;0;0;0;0;4;0;0;0;137;3;1;1;0.1;0.1;0.0;3;0;114;123;92.7;13;90;1;0;0;Match Report
Virgil van Dijk;2024-04-21;Sun;Matchweek 34;Away;W 3–1;Liverpool;Fulham;Y*;CB;90;0;0;0;0;0;0;0;0;107;0;0;0;0.0;0.0;0.0;0;0;95;102;93.1;2;79;0;0;0;Match Report
Virgil van Dijk;2024-04-24;Wed;Matchweek 29;Away;L 0–2;Liverpool;Everton;Y*;CB;90;0;0;0;0;2;1;1;0;116;1;0;1;0.1;0.1;0.0;4;0;94;108;87.0;16;71;2;1;1;Match Report
Virgil van Dijk;2024-04-27;Sat;Matchweek 35;Away;D 2–2;Liverpool;West Ham;Y*;CB;90;0;0;0;0;2;0;0;0;92;1;0;0;0.1;0.1;0.0;0;0;80;86;93.0;7;73;2;0;0;Match Report
Virgil van Dijk;2024-05-05;Sun;Matchweek 36;Home;W 4–2;Liverpool;Tottenham;Y*;CB;90;0;0;0;0;2;0;0;0;59;1;0;1;0.1;0.1;0.0;0;0;42;45;93.3;2;28;0;0;0;Match Report
Virgil van Dijk;2024-05-13;Mon;Matchweek 37;Away;D 3–3;Liverpool;Aston Villa;Y*;CB;90;0;0;0;0;0;0;0;0;97;1;0;3;0.0;0.0;0.0;0;0;79;84;94.0;4;52;0;0;0;Match Report
Virgil van Dijk;2024-05-19;Sun;Matchweek 38;Home;W 2–0;Liverpool;Wolves;Y*;CB;90;0;0;0;0;5;2;0;0;78;0;3;1;0.2;0.2;0.0;0;0;63;67;94.0;5;43;0;1;0;Match Report
Ryan Gravenberch;2023-09-16;Sat;Matchweek 5;Away;W 3–1;Liverpool;Wolves;N;RW;1;0;0;0;0;0;0;0;0;8;1;1;0;0.0;0.0;0.0;0;0;2;3;66.7;0;4;0;3;1;Match Report
Ryan Gravenberch;2023-09-24;Sun;Matchweek 6;Home;W 3–1;Liverpool;West Ham;N;LM;14;0;0;0;0;0;0;0;0;14;1;0;0;0.0;0.0;0.0;0;0;7;10;70.0;2;5;1;1;0;Match Report
Ryan Gravenberch;2023-09-30;Sat;Matchweek 7;Away;L 1–2;Liverpool;Tottenham;N;CM;11;0;0;0;0;0;0;0;0;2;0;0;0;0.0;0.0;0.0;0;0;1;1;100.0;0;1;0;0;0;Match Report
Ryan Gravenberch;2023-10-08;Sun;Matchweek 8;Away;D 2–2;Liverpool;Brighton;N;LM;45;0;0;0;0;2;1;0;0;30;0;1;2;0.7;0.7;0.0;2;0;15;20;75.0;4;21;2;2;1;Match Report
Ryan Gravenberch;2023-10-21;Sat;Matchweek 9;Home;W 2–0;Liverpool;Everton;Y;LM;61;0;0;0;0;1;0;0;0;39;1;3;0;0.1;0.1;0.0;4;0;31;32;96.9;5;23;3;3;1;Match Report
Ryan Gravenberch;2023-10-29;Sun;Matchweek 10;Home;W 3–0;Liverpool;Nott'ham Forest;Y;LM;58;0;0;0;0;1;1;0;0;26;1;0;0;0.0;0.0;0.0;1;0;20;21;95.2;2;14;0;2;1;Match Report
Ryan Gravenberch;2023-11-05;Sun;Matchweek 11;Away;D 1–1;Liverpool;Luton Town;Y;RM;82;0;0;0;0;1;1;0;0;49;1;2;2;0.0;0.0;0.3;4;0;32;35;91.4;10;29;4;4;2;Match Report
Ryan Gravenberch;2023-11-25;Sat;Matchweek 13;Away;D 1–1;Liverpool;Manchester City;N;LM;37;0;0;0;0;0;0;0;0;15;0;0;1;0.0;0.0;0.0;1;0;7;9;77.8;3;7;2;1;0;Match Report
Ryan Gravenberch;2023-12-03;Sun;Matchweek 14;Home;W 4–3;Liverpool;Fulham;Y;LM;82;0;0;0;0;2;1;0;0;59;2;1;2;0.0;0.0;0.1;2;0;32;44;72.7;6;36;5;4;0;Match Report
Ryan Gravenberch;2023-12-06;Wed;Matchweek 15;Away;W 2–0;Liverpool;Sheffield Utd;N;FW;5;0;0;0;0;0;0;0;0;4;0;0;0;0.0;0.0;0.0;0;0;2;4;50.0;0;1;0;0;0;Match Report
Ryan Gravenberch;2023-12-09;Sat;Matchweek 16;Away;W 2–1;Liverpool;Crystal Palace;Y;LM;56;0;0;0;0;1;0;0;0;41;0;0;0;0.0;0.0;0.0;0;0;21;30;70.0;1;29;0;2;1;Match Report
Ryan Gravenberch;2023-12-17;Sun;Matchweek 17;Home;D 0–0;Liverpool;Manchester Utd;Y;LM;60;0;0;0;0;2;0;0;0;33;1;0;0;0.4;0.4;0.1;6;0;21;25;84.0;4;21;4;1;1;Match Report
Ryan Gravenberch;2023-12-23;Sat;Matchweek 18;Home;D 1–1;Liverpool;Arsenal;N;LM;23;0;0;0;0;0;0;0;0;18;2;0;1;0.0;0.0;0.0;1;0;8;12;66.7;4;12;2;1;0;Match Report
Ryan Gravenberch;2023-12-26;Tue;Matchweek 19;Away;W 2–0;Liverpool;Burnley;Y;LM;65;0;0;0;0;1;1;0;0;39;1;0;1;0.1;0.1;0.0;2;0;26;30;86.7;4;25;2;3;0;Match Report
Ryan Gravenberch;2024-01-01;Mon;Matchweek 20;Home;W 4–2;Liverpool;Newcastle Utd;N;RM;27;0;0;0;0;1;0;0;0;14;0;1;0;0.0;0.0;0.2;2;0;9;9;100.0;3;9;0;0;0;Match Report
Ryan Gravenberch;2024-01-21;Sun;Matchweek 21;Away;W 4–0;Liverpool;Bournemouth;N;RM;27;0;0;0;0;1;0;0;0;16;1;1;0;0.0;0.0;0.0;1;0;6;9;66.7;0;8;0;3;2;Match Report
Ryan Gravenberch;2024-02-04;Sun;Matchweek 23;Away;L 1–3;Liverpool;Arsenal;Y;RM;57;0;0;0;0;0;0;0;0;22;0;0;0;0.0;0.0;0.0;0;0;12;14;85.7;1;11;1;4;2;Match Report
Ryan Gravenberch;2024-02-17;Sat;Matchweek 25;Away;W 4–1;Liverpool;Brentford;N;LM;57;0;0;0;0;0;0;0;0;46;3;0;0;0.0;0.0;0.0;1;0;31;38;81.6;5;29;4;3;2;Match Report
Ryan Gravenberch;2024-02-21;Wed;Matchweek 26;Home;W 4–1;Liverpool;Luton Town;Y;LM;77;0;0;0;0;2;1;0;0;46;5;1;5;0.1;0.1;0.1;3;0;23;27;85.2;7;23;1;2;1;Match Report
Ryan Gravenberch;2024-03-31;Sun;Matchweek 30;Home;W 2–1;Liverpool;Brighton;N;LM;1;0;0;0;0;0;0;0;0;2;0;0;0;0.0;0.0;0.0;0;0;2;2;100.0;1;1;0;0;0;Match Report
Ryan Gravenberch;2024-04-04;Thu;Matchweek 31;Home;W 3–1;Liverpool;Sheffield Utd;Y;LM;59;0;0;0;0;2;1;0;0;45;2;2;1;0.1;0.1;0.0;1;0;28;34;82.4;2;33;1;1;0;Match Report
Ryan Gravenberch;2024-04-21;Sun;Matchweek 34;Away;W 3–1;Liverpool;Fulham;Y;LM;73;1;0;0;0;1;1;0;0;42;0;0;1;0.1;0.1;0.0;3;0;28;32;87.5;3;34;1;1;0;Match Report
Ryan Gravenberch;2024-04-27;Sat;Matchweek 35;Away;D 2–2;Liverpool;West Ham;Y;LM;90;0;0;0;0;3;0;0;0;54;1;0;2;0.2;0.2;0.1;6;0;34;44;77.3;7;41;5;8;7;Match Report
Ryan Gravenberch;2024-05-05;Sun;Matchweek 36;Home;W 4–2;Liverpool;Tottenham;N;LM;16;0;0;0;0;1;0;0;0;9;1;1;1;0.1;0.1;0.0;0;0;3;3;100.0;0;3;0;0;0;Match Report
Ryan Gravenberch;2024-05-13;Mon;Matchweek 37;Away;D 3–3;Liverpool;Aston Villa;N;RM;16;0;0;0;0;0;0;0;0;8;1;0;0;0.0;0.0;0.0;2;0;4;5;80.0;1;3;1;1;1;Match Report
Ryan Gravenberch;2024-05-19;Sun;Matchweek 38;Home;W 2–0;Liverpool;Wolves;N;LM;21;0;0;0;0;1;0;0;0;15;1;0;1;0.0;0.0;0.0;2;0;10;11;90.9;3;9;0;0;0;Match Report
Mohamed Salah;2023-08-13;Sun;Matchweek 1;Away;D 1–1;Liverpool;Chelsea;Y;RW;76;0;1;0;0;3;0;0;0;29;1;0;1;0.3;0.3;0.5;3;1;18;23;78.3;3;21;2;0;0;Match Report
Mohamed Salah;2023-08-19;Sat;Matchweek 2;Home;W 3–1;Liverpool;Bournemouth;Y;RW,FW;85;1;0;0;1;4;2;0;0;44;1;0;1;1.2;0.3;0.0;3;1;28;33;84.8;4;30;2;3;0;Match Report
Mohamed Salah;2023-08-27;Sun;Matchweek 3;Away;W 2–1;Liverpool;Newcastle Utd;Y;FW,RW,RM;90;0;1;0;0;2;1;0;0;36;1;1;0;0.2;0.2;0.4;4;2;23;24;95.8;1;28;1;5;3;Match Report
Mohamed Salah;2023-09-03;Sun;Matchweek 4;Home;W 3–0;Liverpool;Aston Villa;Y;RW;90;1;0;0;0;4;3;0;0;40;2;0;0;0.8;0.8;0.4;5;0;22;27;81.5;4;24;3;3;0;Match Report
Mohamed Salah;2023-09-16;Sat;Matchweek 5;Away;W 3–1;Liverpool;Wolves;Y;RW,FW;89;0;2;0;0;1;0;0;0;31;1;0;0;0.2;0.2;1.6;6;2;19;25;76.0;2;19;2;3;0;Match Report
Mohamed Salah;2023-09-24;Sun;Matchweek 6;Home;W 3–1;Liverpool;West Ham;Y;RW;90;1;0;1;1;4;1;0;0;57;1;0;0;1.0;0.2;0.6;5;1;29;43;67.4;8;51;7;4;2;Match Report
Mohamed Salah;2023-09-30;Sat;Matchweek 7;Away;L 1–2;Liverpool;Tottenham;Y;FW,RW,RM;73;0;0;0;0;1;0;1;0;30;0;0;0;0.0;0.0;0.7;3;0;13;21;61.9;3;22;6;5;1;Match Report
Mohamed Salah;2023-10-08;Sun;Matchweek 8;Away;D 2–2;Liverpool;Brighton;Y;RW;90;2;0;1;1;4;1;0;0;46;1;0;1;1.4;0.6;0.0;3;0;23;32;71.9;5;29;2;5;2;Match Report
Mohamed Salah;2023-10-21;Sat;Matchweek 9;Home;W 2–0;Liverpool;Everton;Y;RW;90;2;0;1;1;3;1;0;0;38;0;0;0;1.4;0.6;0.2;5;0;21;29;72.4;4;23;3;2;0;Match Report
Mohamed Salah;2023-10-29;Sun;Matchweek 10;Home;W 3–0;Liverpool;Nott'ham Forest;Y;RW;90;1;0;0;0;3;1;0;0;64;0;0;2;0.8;0.8;0.1;5;1;37;55;67.3;11;37;6;1;0;Match Report
Mohamed Salah;2023-11-05;Sun;Matchweek 11;Away;D 1–1;Liverpool;Luton Town;Y;RW;90;0;0;0;0;2;0;0;0;43;1;0;0;0.6;0.6;0.6;4;0;26;31;83.9;4;34;2;3;1;Match Report
Mohamed Salah;2023-11-12;Sun;Matchweek 12;Home;W 3–0;Liverpool;Brentford;Y;RW;90;2;0;0;0;3;2;0;0;64;0;0;0;1.0;1.0;0.1;2;0;39;55;70.9;6;53;2;1;0;Match Report
Mohamed Salah;2023-11-25;Sat;Matchweek 13;Away;D 1–1;Liverpool;Manchester City;Y;RW;90;0;1;0;0;0;0;0;0;36;1;0;2;0.0;0.0;0.2;3;1;21;29;72.4;5;27;2;4;3;Match Report
Mohamed Salah;2023-12-03;Sun;Matchweek 14;Home;W 4–3;Liverpool;Fulham;Y;RW,AM;90;0;1;0;0;2;1;0;0;53;1;0;1;0.8;0.8;0.5;5;1;25;42;59.5;7;36;2;3;1;Match Report
Mohamed Salah;2023-12-06;Wed;Matchweek 15;Away;W 2–0;Liverpool;Sheffield Utd;Y;RW;66;0;0;0;0;4;2;0;0;36;0;0;1;0.4;0.4;0.1;3;0;23;28;82.1;3;28;1;2;1;Match Report
Mohamed Salah;2023-12-09;Sat;Matchweek 16;Away;W 2–1;Liverpool;Crystal Palace;Y;RW,FW;90;1;1;0;0;3;1;0;0;51;0;1;1;0.3;0.3;0.0;2;1;31;40;77.5;7;41;1;0;0;Match Report
Mohamed Salah;2023-12-17;Sun;Matchweek 17;Home;D 0–0;Liverpool;Manchester Utd;Y;RW;90;0;0;0;0;6;4;0;0;73;1;0;0;0.4;0.4;0.4;11;0;39;58;67.2;8;58;6;2;1;Match Report
Mohamed Salah;2023-12-23;Sat;Matchweek 18;Home;D 1–1;Liverpool;Arsenal;Y;RW,LW;90;1;0;0;0;3;2;1;0;37;1;0;0;0.3;0.3;0.5;3;1;11;21;52.4;3;27;3;4;1;Match Report
Mohamed Salah;2023-12-26;Tue;Matchweek 19;Away;W 2–0;Liverpool;Burnley;Y;RW;90;0;0;0;0;3;2;0;0;46;0;0;2;0.4;0.4;0.0;3;0;31;37;83.8;7;37;4;0;0;Match Report
Mohamed Salah;2024-01-01;Mon;Matchweek 20;Home;W 4–2;Liverpool;Newcastle Utd;Y;RW;90;2;1;1;2;4;2;0;0;60;0;0;2;2.7;1.1;1.5;10;2;28;43;65.1;4;37;12;3;1;Match Report
Mohamed Salah;2024-02-17;Sat;Matchweek 25;Away;W 4–1;Liverpool;Brentford;N;RW;47;1;1;0;0;2;1;0;0;30;0;0;1;0.5;0.5;0.4;3;2;21;23;91.3;2;27;5;2;2;Match Report
Mohamed Salah;2024-03-10;Sun;Matchweek 28;Home;D 1–1;Liverpool;Manchester City;N;RW;30;0;0;0;0;3;1;0;0;24;0;0;0;0.2;0.2;0.4;2;0;11;18;61.1;4;16;2;1;0;Match Report
Mohamed Salah;2024-03-31;Sun;Matchweek 30;Home;W 2–1;Liverpool;Brighton;Y;RW,FW;90;1;0;0;0;12;4;0;0;68;0;0;1;1.5;1.5;0.1;9;1;29;39;74.4;5;46;5;9;3;Match Report
Mohamed Salah;2024-04-04;Thu;Matchweek 31;Home;W 3–1;Liverpool;Sheffield Utd;Y;RW;59;0;0;0;0;3;2;0;0;43;0;0;0;0.1;0.1;0.0;2;0;27;34;79.4;6;30;0;1;1;Match Report
Mohamed Salah;2024-04-07;Sun;Matchweek 32;Away;D 2–2;Liverpool;Manchester Utd;Y;RW;90;1;0;1;1;5;2;0;0;44;0;0;0;1.3;0.5;0.6;7;0;25;34;73.5;7;28;1;2;1;Match Report
Mohamed Salah;2024-04-14;Sun;Matchweek 33;Home;L 0–1;Liverpool;Crystal Palace;Y;RW;90;0;0;0;0;2;1;0;0;41;0;0;1;0.4;0.4;0.4;6;0;22;27;81.5;4;22;2;2;0;Match Report
Mohamed Salah;2024-04-21;Sun;Matchweek 34;Away;W 3–1;Liverpool;Fulham;N;RW;17;0;0;0;0;0;0;0;0;11;1;0;0;0.0;0.0;0.0;0;0;3;7;42.9;2;5;0;0;0;Match Report
Mohamed Salah;2024-04-24;Wed;Matchweek 29;Away;L 0–2;Liverpool;Everton;Y;RW;90;0;0;0;0;7;2;0;0;37;0;0;1;0.6;0.6;0.5;7;0;21;26;80.8;5;29;0;0;0;Match Report
Mohamed Salah;2024-04-27;Sat;Matchweek 35;Away;D 2–2;Liverpool;West Ham;N;RW;12;0;0;0;0;0;0;0;0;12;0;0;0;0.0;0.0;0.0;1;0;9;11;81.8;2;8;2;0;0;Match Report
Mohamed Salah;2024-05-05;Sun;Matchweek 36;Home;W 4–2;Liverpool;Tottenham;Y;RW;90;1;1;0;0;6;4;0;0;49;0;0;0;1.2;1.2;0.6;6;2;24;36;66.7;5;40;4;1;0;Match Report
Mohamed Salah;2024-05-13;Mon;Matchweek 37;Away;D 3–3;Liverpool;Aston Villa;Y;RW;90;0;0;0;0;1;0;0;0;34;1;0;0;0.1;0.1;0.3;4;0;18;26;69.2;4;28;2;2;2;Match Report
Mohamed Salah;2024-05-19;Sun;Matchweek 38;Home;W 2–0;Liverpool;Wolves;Y;RW;90;0;0;0;0;7;4;0;0;52;2;0;1;1.1;1.1;0.0;4;1;20;33;60.6;2;36;6;4;1;Match Report
Trent Alexander-Arnold;2023-08-13;Sun;Matchweek 1;Away;D 1–1;Liverpool;Chelsea;Y;RB;90;0;0;0;0;0;0;1;0;57;2;0;0;0.0;0.0;0.0;1;0;26;47;55.3;4;21;0;1;0;Match Report
Trent Alexander-Arnold;2023-08-19;Sat;Matchweek 2;Home;W 3–1;Liverpool;Bournemouth;Y;RB;74;0;0;0;0;3;2;0;0;79;1;1;1;0.1;0.1;0.1;7;1;53;70;75.7;6;34;6;4;3;Match Report
Trent Alexander-Arnold;2023-08-27;Sun;Matchweek 3;Away;W 2–1;Liverpool;Newcastle Utd;Y;RB;90;0;0;0;0;0;0;1;0;59;2;0;1;0.0;0.0;0.1;3;1;35;50;70.0;3;20;3;2;2;Match Report
Trent Alexander-Arnold;2023-09-03;Sun;Matchweek 4;Home;W 3–0;Liverpool;Aston Villa;Y*;RB;70;0;1;0;0;2;0;0;0;91;0;2;0;0.1;0.1;0.6;7;1;75;86;87.2;4;60;4;1;0;Match Report
Trent Alexander-Arnold;2023-09-30;Sat;Matchweek 7;Away;L 1–2;Liverpool;Tottenham;N;WB;17;0;0;0;0;0;0;0;0;9;1;0;0;0.0;0.0;0.0;1;0;3;6;50.0;0;3;0;2;0;Match Report
Trent Alexander-Arnold;2023-10-08;Sun;Matchweek 8;Away;D 2–2;Liverpool;Brighton;Y;RB;79;0;0;0;0;0;0;0;0;71;3;1;0;0.0;0.0;0.0;2;0;56;66;84.8;4;39;2;0;0;Match Report
Trent Alexander-Arnold;2023-10-21;Sat;Matchweek 9;Home;W 2–0;Liverpool;Everton;Y;RB;90;0;0;0;0;4;0;0;0;118;1;1;0;0.2;0.2;0.0;4;0;80;107;74.8;8;57;2;3;2;Match Report
Trent Alexander-Arnold;2023-10-29;Sun;Matchweek 10;Home;W 3–0;Liverpool;Nott'ham Forest;Y;RB;88;0;0;0;0;3;0;1;0;93;2;1;0;0.1;0.1;0.1;2;0;72;84;85.7;8;34;2;2;1;Match Report
Trent Alexander-Arnold;2023-11-05;Sun;Matchweek 11;Away;D 1–1;Liverpool;Luton Town;Y;RB;90;0;0;0;0;2;0;0;0;114;0;2;1;0.0;0.0;0.8;9;0;80;103;77.7;14;70;1;2;0;Match Report
Trent Alexander-Arnold;2023-11-12;Sun;Matchweek 12;Home;W 3–0;Liverpool;Brentford;Y;RB;89;0;0;0;0;0;0;0;0;83;0;1;1;0.0;0.0;0.5;5;1;55;74;74.3;10;44;2;1;1;Match Report
Trent Alexander-Arnold;2023-11-25;Sat;Matchweek 13;Away;D 1–1;Liverpool;Manchester City;Y;RB;90;1;0;0;0;1;1;0;0;66;3;2;0;0.0;0.0;0.0;2;0;39;54;72.2;4;30;1;5;2;Match Report
Trent Alexander-Arnold;2023-12-03;Sun;Matchweek 14;Home;W 4–3;Liverpool;Fulham;Y;RB,DM;90;1;0;0;0;4;1;0;0;99;1;0;1;0.2;0.2;0.3;7;0;71;89;79.8;16;54;3;4;3;Match Report
Trent Alexander-Arnold;2023-12-06;Wed;Matchweek 15;Away;W 2–0;Liverpool;Sheffield Utd;Y;RB;90;0;1;0;0;1;0;0;0;114;1;2;1;0.0;0.0;0.8;9;1;73;107;68.2;9;65;0;4;1;Match Report
Trent Alexander-Arnold;2023-12-09;Sat;Matchweek 16;Away;W 2–1;Liverpool;Crystal Palace;Y;CM,RB;90;0;0;0;0;0;0;0;0;109;0;2;2;0.0;0.0;0.6;6;0;78;96;81.3;13;80;2;2;1;Match Report
Trent Alexander-Arnold;2023-12-17;Sun;Matchweek 17;Home;D 0–0;Liverpool;Manchester Utd;Y;RB,LM;90;0;0;0;0;4;0;0;0;125;3;2;0;0.2;0.2;0.4;11;0;80;112;71.4;15;78;0;3;3;Match Report
Trent Alexander-Arnold;2023-12-23;Sat;Matchweek 18;Home;D 1–1;Liverpool;Arsenal;Y;RB;90;0;1;0;0;1;0;0;0;86;1;0;1;0.4;0.4;0.1;6;1;52;78;66.7;6;38;0;0;0;Match Report
Trent Alexander-Arnold;2023-12-26;Tue;Matchweek 19;Away;W 2–0;Liverpool;Burnley;Y;RB;90;0;0;0;0;1;0;1;0;121;4;1;1;0.0;0.0;0.5;4;0;87;111;78.4;8;77;1;1;0;Match Report
Trent Alexander-Arnold;2024-01-01;Mon;Matchweek 20;Home;W 4–2;Liverpool;Newcastle Utd;Y;RB;90;0;0;0;0;3;0;1;0;89;1;4;1;0.3;0.0;0.0;5;0;48;80;60.0;8;32;1;3;3;Match Report
Trent Alexander-Arnold;2024-01-31;Wed;Matchweek 22;Home;W 4–1;Liverpool;Chelsea;N;RB;23;0;0;0;0;0;0;0;0;26;0;0;1;0.0;0.0;0.0;3;0;20;21;95.2;4;17;0;3;2;Match Report
Trent Alexander-Arnold;2024-02-04;Sun;Matchweek 23;Away;L 1–3;Liverpool;Arsenal;Y;RB;57;0;0;0;0;0;0;0;0;39;1;0;1;0.0;0.0;0.0;1;0;21;34;61.8;2;19;1;1;0;Match Report
Trent Alexander-Arnold;2024-02-10;Sat;Matchweek 24;Home;W 3–1;Liverpool;Burnley;Y;RB;45;0;1;0;0;1;0;0;0;63;1;1;0;0.0;0.0;0.3;4;1;44;59;74.6;7;35;0;1;1;Match Report
Trent Alexander-Arnold;2024-04-14;Sun;Matchweek 33;Home;L 0–1;Liverpool;Crystal Palace;N;RB;43;0;0;0;0;1;0;0;0;55;0;0;1;0.0;0.0;0.0;1;0;32;52;61.5;3;34;0;1;1;Match Report
Trent Alexander-Arnold;2024-04-21;Sun;Matchweek 34;Away;W 3–1;Liverpool;Fulham;Y;RB;79;1;0;0;0;1;1;0;0;93;1;1;1;0.1;0.1;0.1;3;0;65;86;75.6;9;53;1;1;1;Match Report
Trent Alexander-Arnold;2024-04-24;Wed;Matchweek 29;Away;L 0–2;Liverpool;Everton;Y;RB;83;0;0;0;0;1;0;0;0;121;0;1;3;0.0;0.0;0.0;3;0;88;112;78.6;9;84;3;1;1;Match Report
Trent Alexander-Arnold;2024-04-27;Sat;Matchweek 35;Away;D 2–2;Liverpool;West Ham;Y;RB;78;0;0;0;0;4;2;0;0;93;0;0;1;0.2;0.2;0.3;6;0;66;83;79.5;10;60;4;0;0;Match Report
Trent Alexander-Arnold;2024-05-05;Sun;Matchweek 36;Home;W 4–2;Liverpool;Tottenham;Y;RB;90;0;0;0;0;4;0;1;0;77;6;3;1;0.1;0.1;0.1;7;0;47;66;71.2;6;40;1;2;0;Match Report
Trent Alexander-Arnold;2024-05-13;Mon;Matchweek 37;Away;D 3–3;Liverpool;Aston Villa;Y;RB;90;0;0;0;0;2;1;0;0;83;1;2;1;0.1;0.1;0.0;2;0;59;74;79.7;6;42;2;0;0;Match Report
Trent Alexander-Arnold;2024-05-19;Sun;Matchweek 38;Home;W 2–0;Liverpool;Wolves;Y;RB;70;0;0;0;0;4;0;0;0;63;3;1;1;0.3;0.3;1.2;5;0;48;55;87.3;9;30;3;2;0;Match Report
Ibrahima Konaté;2023-08-13;Sun;Matchweek 1;Away;D 1–1;Liverpool;Chelsea;Y;CB;90;0;0;0;0;0;0;0;0;52;3;1;1;0.0;0.0;0.0;0;0;32;38;84.2;0;24;0;0;0;Match Report
Ibrahima Konaté;2023-08-19;Sat;Matchweek 2;Home;W 3–1;Liverpool;Bournemouth;Y;CB;90;0;0;0;0;1;0;0;0;78;3;0;1;0.0;0.0;0.0;1;0;64;69;92.8;0;49;1;2;2;Match Report
Ibrahima Konaté;2023-09-16;Sat;Matchweek 5;Away;W 3–1;Liverpool;Wolves;N;CB;8;0;0;0;0;0;0;0;0;19;1;0;0;0.0;0.0;0.2;1;0;17;18;94.4;2;12;0;0;0;Match Report
Ibrahima Konaté;2023-09-30;Sat;Matchweek 7;Away;L 1–2;Liverpool;Tottenham;N;CB;18;0;0;0;0;0;0;0;0;1;0;0;1;0.0;0.0;0.0;0;0;0;0;;0;0;0;0;0;Match Report
Ibrahima Konaté;2023-10-08;Sun;Matchweek 8;Away;D 2–2;Liverpool;Brighton;N;CB;18;0;0;0;0;0;0;0;0;8;0;0;0;0.0;0.0;0.0;0;0;7;8;87.5;0;8;1;0;0;Match Report
Ibrahima Konaté;2023-10-21;Sat;Matchweek 9;Home;W 2–0;Liverpool;Everton;Y;CB;65;0;0;0;0;0;0;1;0;76;0;1;3;0.0;0.0;0.0;0;0;61;69;88.4;3;40;0;0;0;Match Report
Ibrahima Konaté;2023-10-29;Sun;Matchweek 10;Home;W 3–0;Liverpool;Nott'ham Forest;Y;CB;90;0;0;0;0;0;0;0;0;134;0;0;1;0.0;0.0;0.0;2;0;123;127;96.9;13;93;4;0;0;Match Report
Ibrahima Konaté;2023-11-05;Sun;Matchweek 11;Away;D 1–1;Liverpool;Luton Town;Y;CB;90;0;0;0;0;1;0;0;0;111;0;1;1;0.0;0.0;0.0;4;1;95;103;92.2;16;86;2;1;1;Match Report
Ibrahima Konaté;2023-12-03;Sun;Matchweek 14;Home;W 4–3;Liverpool;Fulham;N;CB;22;0;0;0;0;0;0;0;0;32;1;1;0;0.0;0.0;0.0;1;0;24;29;82.8;3;23;0;0;0;Match Report
Ibrahima Konaté;2023-12-06;Wed;Matchweek 15;Away;W 2–0;Liverpool;Sheffield Utd;Y;CB;90;0;0;0;0;1;1;1;0;136;4;4;2;0.1;0.1;0.0;1;0;99;121;81.8;13;93;3;1;0;Match Report
Ibrahima Konaté;2023-12-09;Sat;Matchweek 16;Away;W 2–1;Liverpool;Crystal Palace;N;CB;34;0;0;0;0;0;0;0;0;38;1;1;0;0.0;0.0;0.0;0;0;32;35;91.4;5;28;0;0;0;Match Report
Ibrahima Konaté;2023-12-17;Sun;Matchweek 17;Home;D 0–0;Liverpool;Manchester Utd;Y;CB;90;0;0;0;0;4;1;0;0;116;2;0;0;0.3;0.3;0.0;2;0;96;108;88.9;12;80;5;1;0;Match Report
Ibrahima Konaté;2023-12-23;Sat;Matchweek 18;Home;D 1–1;Liverpool;Arsenal;Y;CB;90;0;0;0;0;0;0;0;0;53;5;0;3;0.0;0.0;0.0;1;0;38;45;84.4;4;25;0;0;0;Match Report
Ibrahima Konaté;2024-01-01;Mon;Matchweek 20;Home;W 4–2;Liverpool;Newcastle Utd;Y;CB;90;0;0;0;0;1;0;0;0;62;2;0;0;0.1;0.1;0.1;1;0;49;55;89.1;3;43;0;1;0;Match Report
Ibrahima Konaté;2024-01-21;Sun;Matchweek 21;Away;W 4–0;Liverpool;Bournemouth;Y;CB;90;0;0;0;0;0;0;0;0;94;1;1;0;0.0;0.0;0.0;1;0;71;83;85.5;4;67;0;2;2;Match Report
Ibrahima Konaté;2024-01-31;Wed;Matchweek 22;Home;W 4–1;Liverpool;Chelsea;Y;CB;90;0;0;0;0;0;0;1;0;71;2;0;0;0.0;0.0;0.1;1;0;53;66;80.3;6;53;0;0;0;Match Report
Ibrahima Konaté;2024-02-04;Sun;Matchweek 23;Away;L 1–3;Liverpool;Arsenal;Y;CB;87;0;0;0;0;0;0;2;1;94;1;2;2;0.0;0.0;0.0;3;0;75;86;87.2;5;63;0;0;0;Match Report
Ibrahima Konaté;2024-02-17;Sat;Matchweek 25;Away;W 4–1;Liverpool;Brentford;Y;CB;90;0;0;0;0;0;0;0;0;52;0;4;1;0.0;0.0;0.0;1;0;33;45;73.3;2;35;0;0;0;Match Report
Ibrahima Konaté;2024-03-02;Sat;Matchweek 27;Away;W 1–0;Liverpool;Nott'ham Forest;Y;CB;90;0;0;0;0;0;0;0;0;97;4;2;1;0.0;0.0;0.0;1;0;79;86;91.9;10;55;6;1;1;Match Report
Ibrahima Konaté;2024-04-04;Thu;Matchweek 31;Home;W 3–1;Liverpool;Sheffield Utd;Y;CB;90;0;0;0;0;1;0;0;0;104;1;1;0;0.1;0.1;0.0;3;0;84;97;86.6;7;74;2;0;0;Match Report
Ibrahima Konaté;2024-04-14;Sun;Matchweek 33;Home;L 0–1;Liverpool;Crystal Palace;Y;CB;90;0;0;0;0;2;0;0;0;117;3;1;1;0.2;0.2;0.0;0;0;87;103;84.5;4;80;0;1;0;Match Report
Ibrahima Konaté;2024-04-24;Wed;Matchweek 29;Away;L 0–2;Liverpool;Everton;Y;CB;62;0;0;0;0;0;0;0;0;77;2;0;0;0.0;0.0;0.0;0;0;67;72;93.1;6;50;0;0;0;Match Report
Andrew Robertson;2023-08-13;Sun;Matchweek 1;Away;D 1–1;Liverpool;Chelsea;Y;LB;90;0;0;0;0;0;0;0;0;74;2;2;2;0.0;0.0;0.0;2;0;41;60;68.3;6;35;1;0;0;Match Report
Andrew Robertson;2023-08-19;Sat;Matchweek 2;Home;W 3–1;Liverpool;Bournemouth;Y;LB;90;0;0;0;0;0;0;0;0;90;3;1;0;0.0;0.0;0.3;3;0;71;83;85.5;8;50;4;1;0;Match Report
Andrew Robertson;2023-08-27;Sun;Matchweek 3;Away;W 2–1;Liverpool;Newcastle Utd;Y;LB;90;0;0;0;0;0;0;0;0;66;1;0;1;0.0;0.0;0.0;1;0;43;57;75.4;3;21;0;2;0;Match Report
Andrew Robertson;2023-09-03;Sun;Matchweek 4;Home;W 3–0;Liverpool;Aston Villa;Y;LB;90;0;0;0;0;0;0;0;0;119;2;1;0;0.0;0.0;0.0;3;0;101;112;90.2;8;95;0;0;0;Match Report
Andrew Robertson;2023-09-16;Sat;Matchweek 5;Away;W 3–1;Liverpool;Wolves;Y*;LB;90;1;0;0;0;1;1;0;0;101;2;2;0;0.4;0.4;0.2;3;1;83;94;88.3;10;48;3;0;0;Match Report
Andrew Robertson;2023-09-24;Sun;Matchweek 6;Home;W 3–1;Liverpool;West Ham;Y;LB;90;0;0;0;0;0;0;0;0;91;0;0;2;0.0;0.0;0.4;7;1;68;85;80.0;8;52;6;0;0;Match Report
Andrew Robertson;2023-09-30;Sat;Matchweek 7;Away;L 1–2;Liverpool;Tottenham;Y;LB,WB;90;0;0;0;0;1;1;1;0;59;1;1;0;0.0;0.0;0.2;5;0;41;51;80.4;5;34;5;1;1;Match Report
Andrew Robertson;2023-10-08;Sun;Matchweek 8;Away;D 2–2;Liverpool;Brighton;Y;LB;90;0;0;0;0;0;0;0;0;51;4;1;1;0.0;0.0;0.1;3;0;37;45;82.2;1;25;0;0;0;Match Report
Andrew Robertson;2024-01-31;Wed;Matchweek 22;Home;W 4–1;Liverpool;Chelsea;N;LB;22;0;0;0;0;0;0;0;0;20;1;0;0;0.0;0.0;0.1;1;0;13;19;68.4;0;10;1;0;0;Match Report
Andrew Robertson;2024-02-04;Sun;Matchweek 23;Away;L 1–3;Liverpool;Arsenal;N;LB;33;0;0;0;0;0;0;0;0;29;0;0;1;0.0;0.0;0.0;0;0;20;26;76.9;0;18;0;0;0;Match Report
Andrew Robertson;2024-02-10;Sat;Matchweek 24;Home;W 3–1;Liverpool;Burnley;Y;LB;89;0;0;0;0;1;0;0;0;99;2;0;1;0.1;0.1;0.4;7;0;70;86;81.4;5;61;5;2;0;Match Report
Andrew Robertson;2024-02-17;Sat;Matchweek 25;Away;W 4–1;Liverpool;Brentford;Y;LB;90;0;0;0;0;0;0;0;0;94;4;1;0;0.0;0.0;0.1;2;0;71;87;81.6;6;59;4;1;1;Match Report
Andrew Robertson;2024-02-21;Wed;Matchweek 26;Home;W 4–1;Liverpool;Luton Town;N;LB;23;0;1;0;0;0;0;0;0;24;1;0;0;0.0;0.0;0.5;1;0;18;21;85.7;2;9;0;1;1;Match Report
Andrew Robertson;2024-03-02;Sat;Matchweek 27;Away;W 1–0;Liverpool;Nott'ham Forest;Y;LB;59;0;0;0;0;1;0;1;0;79;2;0;2;0.2;0.2;0.1;5;0;58;72;80.6;6;40;2;0;0;Match Report
Andrew Robertson;2024-03-10;Sun;Matchweek 28;Home;D 1–1;Liverpool;Manchester City;N;LB;30;0;0;0;0;0;0;0;0;33;1;0;0;0.0;0.0;0.4;3;0;19;29;65.5;1;15;0;1;0;Match Report
Andrew Robertson;2024-04-04;Thu;Matchweek 31;Home;W 3–1;Liverpool;Sheffield Utd;N;LB;31;0;1;0;0;1;0;0;0;50;0;0;0;0.0;0.0;0.1;2;1;36;48;75.0;9;32;5;0;0;Match Report
Andrew Robertson;2024-04-07;Sun;Matchweek 32;Away;D 2–2;Liverpool;Manchester Utd;Y;LB;90;0;0;0;0;2;0;0;0;77;1;0;0;0.1;0.1;0.8;8;1;49;69;71.0;4;44;7;2;1;Match Report
Andrew Robertson;2024-04-14;Sun;Matchweek 33;Home;L 0–1;Liverpool;Crystal Palace;Y;LB;90;0;0;0;0;0;0;0;0;116;1;1;2;0.0;0.0;0.3;7;0;87;104;83.7;11;79;5;1;0;Match Report
Andrew Robertson;2024-04-21;Sun;Matchweek 34;Away;W 3–1;Liverpool;Fulham;Y;LB;90;0;0;0;0;0;0;0;0;78;2;0;2;0.0;0.0;0.1;2;0;57;70;81.4;8;48;4;1;0;Match Report
Andrew Robertson;2024-04-24;Wed;Matchweek 29;Away;L 0–2;Liverpool;Everton;Y;LB;83;0;0;0;0;1;1;0;0;97;1;0;3;0.1;0.1;0.1;4;0;60;85;70.6;10;48;1;1;0;Match Report
Andrew Robertson;2024-04-27;Sat;Matchweek 35;Away;D 2–2;Liverpool;West Ham;Y;LB;90;1;0;0;0;2;2;0;0;104;1;1;0;0.1;0.1;0.3;9;1;76;95;80.0;9;69;3;0;0;Match Report
Andrew Robertson;2024-05-05;Sun;Matchweek 36;Home;W 4–2;Liverpool;Tottenham;Y;LB;63;1;0;0;0;2;1;0;0;60;2;2;2;0.9;0.9;0.3;4;0;39;51;76.5;2;29;2;2;0;Match Report
Andrew Robertson;2024-05-19;Sun;Matchweek 38;Home;W 2–0;Liverpool;Wolves;Y;LB;90;0;0;0;0;0;0;0;0;102;1;0;1;0.0;0.0;0.7;15;0;90;98;91.8;18;58;5;1;1;Match Report
Alexis Mac Allister;2023-08-13;Sun;Matchweek 1;Away;D 1–1;Liverpool;Chelsea;Y;CM;90;0;0;0;0;0;0;1;0;61;3;1;2;0.0;0.0;0.0;2;1;46;52;88.5;5;42;1;3;2;Match Report
Alexis Mac Allister;2023-08-19;Sat;Matchweek 2;Home;W 3–1;Liverpool;Bournemouth;Y;CM;57;0;0;0;0;0;0;0;1;60;2;0;1;0.0;0.0;0.0;2;0;40;50;80.0;6;37;1;3;2;Match Report
Alexis Mac Allister;2023-08-27;Sun;Matchweek 3;Away;W 2–1;Liverpool;Newcastle Utd;Y;CM,LM;76;0;0;0;0;0;0;0;0;36;2;4;4;0.0;0.0;0.0;1;0;23;27;85.2;1;17;2;0;0;Match Report
Alexis Mac Allister;2023-09-03;Sun;Matchweek 4;Home;W 3–0;Liverpool;Aston Villa;Y;CM;86;0;0;0;0;0;0;0;0;76;3;0;1;0.0;0.0;0.0;0;0;63;72;87.5;6;58;0;3;1;Match Report
Alexis Mac Allister;2023-09-16;Sat;Matchweek 5;Away;W 3–1;Liverpool;Wolves;Y;CM;45;0;0;0;0;0;0;1;0;52;3;0;3;0.0;0.0;0.0;2;0;40;46;87.0;5;32;1;0;0;Match Report
Alexis Mac Allister;2023-09-24;Sun;Matchweek 6;Home;W 3–1;Liverpool;West Ham;Y;CM;87;0;1;0;0;1;0;0;0;98;2;1;2;0.0;0.0;0.3;4;1;86;90;95.6;10;78;3;3;2;Match Report
Alexis Mac Allister;2023-09-30;Sat;Matchweek 7;Away;L 1–2;Liverpool;Tottenham;Y;CM;79;0;0;0;0;1;0;1;0;51;4;0;2;0.0;0.0;0.0;0;0;36;41;87.8;1;32;0;0;0;Match Report
Alexis Mac Allister;2023-10-08;Sun;Matchweek 8;Away;D 2–2;Liverpool;Brighton;Y;CM;90;0;0;0;0;1;0;0;0;82;3;6;2;0.0;0.0;0.0;0;0;64;69;92.8;6;46;2;1;1;Match Report
Alexis Mac Allister;2023-10-21;Sat;Matchweek 9;Home;W 2–0;Liverpool;Everton;Y;CM;90;0;0;0;0;1;1;0;0;101;2;1;2;0.0;0.0;0.1;7;1;83;93;89.2;4;61;4;0;0;Match Report
Alexis Mac Allister;2023-10-29;Sun;Matchweek 10;Home;W 3–0;Liverpool;Nott'ham Forest;Y;CM;90;0;0;0;0;1;0;1;0;101;2;1;2;0.0;0.0;0.0;4;0;69;85;81.2;17;56;0;1;1;Match Report
Alexis Mac Allister;2023-11-05;Sun;Matchweek 11;Away;D 1–1;Liverpool;Luton Town;Y;CM;90;0;0;0;0;0;0;1;0;96;1;0;2;0.0;0.0;0.0;3;0;75;88;85.2;11;68;0;0;0;Match Report
Alexis Mac Allister;2023-11-25;Sat;Matchweek 13;Away;D 1–1;Liverpool;Manchester City;Y;CM;84;0;0;0;0;1;0;0;0;56;2;2;3;0.0;0.0;0.0;0;0;43;46;93.5;3;29;0;0;0;Match Report
Alexis Mac Allister;2023-12-03;Sun;Matchweek 14;Home;W 4–3;Liverpool;Fulham;Y;CM;64;1;0;0;0;1;1;0;0;47;2;1;2;0.0;0.0;0.0;1;0;33;38;86.8;4;19;1;1;0;Match Report
Alexis Mac Allister;2023-12-06;Wed;Matchweek 15;Away;W 2–0;Liverpool;Sheffield Utd;Y;LM;56;0;0;0;0;1;1;0;0;21;0;0;1;0.0;0.0;0.0;0;0;14;17;82.4;1;13;0;0;0;Match Report
Alexis Mac Allister;2024-01-01;Mon;Matchweek 20;Home;W 4–2;Liverpool;Newcastle Utd;N;CM;16;0;0;0;0;0;0;0;0;25;1;0;0;0.0;0.0;0.0;2;2;23;24;95.8;2;13;0;0;0;Match Report
Alexis Mac Allister;2024-01-21;Sun;Matchweek 21;Away;W 4–0;Liverpool;Bournemouth;Y;CM;90;0;0;0;0;1;0;0;0;91;9;3;2;0.0;0.0;0.2;7;1;64;73;87.7;6;46;0;1;0;Match Report
Alexis Mac Allister;2024-01-31;Wed;Matchweek 22;Home;W 4–1;Liverpool;Chelsea;Y;CM;90;0;0;0;0;3;0;0;0;94;8;1;3;0.1;0.1;0.0;3;1;65;73;89.0;5;48;0;2;1;Match Report
Alexis Mac Allister;2024-02-04;Sun;Matchweek 23;Away;L 1–3;Liverpool;Arsenal;Y;CM,LM;90;0;0;0;0;3;0;0;0;76;3;0;5;0.1;0.1;0.1;3;0;54;62;87.1;4;45;4;3;2;Match Report
Alexis Mac Allister;2024-02-10;Sat;Matchweek 24;Home;W 3–1;Liverpool;Burnley;Y;LM,RM;89;0;0;0;0;2;0;0;0;57;4;1;2;0.1;0.1;0.0;3;0;36;46;78.3;5;28;0;1;0;Match Report
Alexis Mac Allister;2024-02-17;Sat;Matchweek 25;Away;W 4–1;Liverpool;Brentford;Y;RM;82;1;0;0;0;1;1;0;0;72;1;0;2;0.3;0.3;0.1;2;1;52;63;82.5;3;47;1;2;1;Match Report
Alexis Mac Allister;2024-02-21;Wed;Matchweek 26;Home;W 4–1;Liverpool;Luton Town;Y;RM;88;0;2;0;0;0;0;0;0;61;2;2;3;0.0;0.0;0.5;7;2;41;51;80.4;6;27;2;2;2;Match Report
Alexis Mac Allister;2024-03-02;Sat;Matchweek 27;Away;W 1–0;Liverpool;Nott'ham Forest;Y;RM,LM;90;0;1;0;0;2;0;0;0;84;1;2;2;0.2;0.2;0.7;8;1;58;70;82.9;14;49;2;0;0;Match Report
Alexis Mac Allister;2024-03-10;Sun;Matchweek 28;Home;D 1–1;Liverpool;Manchester City;Y;RM,LM;90;1;0;1;1;3;1;0;0;79;4;1;3;1.0;0.2;0.0;5;0;52;65;80.0;7;43;1;2;1;Match Report
Alexis Mac Allister;2024-03-31;Sun;Matchweek 30;Home;W 2–1;Liverpool;Brighton;Y;RM;90;0;1;0;0;5;0;1;0;85;3;1;3;0.2;0.2;0.5;11;1;59;66;89.4;18;50;1;0;0;Match Report
Alexis Mac Allister;2024-04-04;Thu;Matchweek 31;Home;W 3–1;Liverpool;Sheffield Utd;Y;CM,DM,LM;90;1;0;0;0;3;1;0;0;100;4;2;0;0.2;0.2;0.0;4;0;78;89;87.6;7;58;2;0;0;Match Report
Alexis Mac Allister;2024-04-07;Sun;Matchweek 32;Away;D 2–2;Liverpool;Manchester Utd;Y;LM;90;0;0;0;0;1;0;0;0;72;4;0;2;0.1;0.1;0.0;4;0;55;64;85.9;11;42;2;2;1;Match Report
Alexis Mac Allister;2024-04-14;Sun;Matchweek 33;Home;L 0–1;Liverpool;Crystal Palace;Y;CM,RM;90;0;0;0;0;1;0;0;0;106;7;0;0;0.1;0.1;0.2;4;0;79;94;84.0;9;57;3;1;0;Match Report
Alexis Mac Allister;2024-04-21;Sun;Matchweek 34;Away;W 3–1;Liverpool;Fulham;N;LM;17;0;0;0;0;0;0;0;0;12;1;2;0;0.0;0.0;0.0;0;0;6;7;85.7;0;3;0;0;0;Match Report
Alexis Mac Allister;2024-04-24;Wed;Matchweek 29;Away;L 0–2;Liverpool;Everton;Y;CM;90;0;0;0;0;4;0;0;0;119;4;0;4;0.1;0.1;0.1;4;0;92;104;88.5;10;80;5;0;0;Match Report
Alexis Mac Allister;2024-04-27;Sat;Matchweek 35;Away;D 2–2;Liverpool;West Ham;Y;RM,CM,CB;90;0;0;0;0;2;1;1;0;74;3;0;2;0.2;0.2;0.3;8;0;56;62;90.3;9;46;1;2;0;Match Report
Alexis Mac Allister;2024-05-05;Sun;Matchweek 36;Home;W 4–2;Liverpool;Tottenham;Y;LM;74;0;0;0;0;0;0;0;0;39;4;2;1;0.0;0.0;0.1;2;0;20;27;74.1;3;10;0;1;1;Match Report
Alexis Mac Allister;2024-05-13;Mon;Matchweek 37;Away;D 3–3;Liverpool;Aston Villa;Y;LM;90;0;0;0;0;2;0;0;0;80;2;0;2;0.1;0.1;0.1;1;0;60;71;84.5;6;46;2;0;0;Match Report
Alexis Mac Allister;2024-05-19;Sun;Matchweek 38;Home;W 2–0;Liverpool;Wolves;Y;LM;69;1;0;0;0;2;1;0;0;49;3;1;0;0.6;0.6;0.2;4;0;39;42;92.9;4;20;3;0;0;Match Report
Dominik Szoboszlai;2023-08-13;Sun;Matchweek 1;Away;D 1–1;Liverpool;Chelsea;Y;RM,LW;90;0;0;0;0;1;0;0;0;56;1;1;5;0.0;0.0;0.3;2;0;33;42;78.6;2;27;1;1;0;Match Report
Dominik Szoboszlai;2023-08-19;Sat;Matchweek 2;Home;W 3–1;Liverpool;Bournemouth;Y;RM,CM;90;0;0;0;0;3;1;0;0;85;1;1;2;0.1;0.1;0.0;7;1;67;72;93.1;4;46;5;6;3;Match Report
Dominik Szoboszlai;2023-08-27;Sun;Matchweek 3;Away;W 2–1;Liverpool;Newcastle Utd;Y;RM,CM;90;0;0;0;0;2;0;0;0;56;3;0;1;0.1;0.1;0.1;2;0;32;42;76.2;7;22;1;6;3;Match Report
Dominik Szoboszlai;2023-09-03;Sun;Matchweek 4;Home;W 3–0;Liverpool;Aston Villa;Y;RM,LM;90;1;0;0;0;2;1;0;0;71;0;1;3;0.1;0.1;0.1;7;0;54;60;90.0;2;46;2;3;1;Match Report
Dominik Szoboszlai;2023-09-16;Sat;Matchweek 5;Away;W 3–1;Liverpool;Wolves;Y;CM,RM;90;0;0;0;0;2;1;0;0;114;2;0;4;0.2;0.2;0.0;4;0;82;102;80.4;14;67;2;1;0;Match Report
Dominik Szoboszlai;2023-09-24;Sun;Matchweek 6;Home;W 3–1;Liverpool;West Ham;Y;RM;90;0;0;0;0;3;0;0;0;101;2;1;0;0.1;0.1;0.1;8;0;84;92;91.3;15;68;1;0;0;Match Report
Dominik Szoboszlai;2023-09-30;Sat;Matchweek 7;Away;L 1–2;Liverpool;Tottenham;Y;CM,RM;90;0;0;0;0;1;1;0;0;60;1;1;2;0.0;0.0;0.1;3;1;38;49;77.6;5;33;1;4;1;Match Report
Dominik Szoboszlai;2023-10-08;Sun;Matchweek 8;Away;D 2–2;Liverpool;Brighton;Y;RM;90;0;0;0;0;1;0;1;0;49;3;1;0;0.0;0.0;0.9;7;1;33;40;82.5;6;32;0;1;1;Match Report
Dominik Szoboszlai;2023-10-21;Sat;Matchweek 9;Home;W 2–0;Liverpool;Everton;Y;RM,LM;90;0;0;0;0;5;0;0;0;105;1;0;1;0.1;0.1;0.2;7;1;81;92;88.0;8;58;8;2;1;Match Report
Dominik Szoboszlai;2023-10-29;Sun;Matchweek 10;Home;W 3–0;Liverpool;Nott'ham Forest;Y;RM;90;0;2;0;0;1;1;0;0;100;0;1;1;0.1;0.1;1.7;4;2;81;94;86.2;11;55;6;4;3;Match Report
Dominik Szoboszlai;2023-11-05;Sun;Matchweek 11;Away;D 1–1;Liverpool;Luton Town;Y;LM;65;0;0;0;0;1;0;0;0;54;0;0;0;0.0;0.0;0.0;2;0;35;46;76.1;4;42;2;0;0;Match Report
Dominik Szoboszlai;2023-11-12;Sun;Matchweek 12;Home;W 3–0;Liverpool;Brentford;Y;RM;89;0;0;0;0;2;1;0;0;71;0;0;5;0.1;0.1;0.1;2;0;53;62;85.5;4;47;4;2;0;Match Report
Dominik Szoboszlai;2023-11-25;Sat;Matchweek 13;Away;D 1–1;Liverpool;Manchester City;Y;RM;72;0;0;0;0;1;0;0;0;32;0;0;0;0.0;0.0;0.3;1;0;23;29;79.3;6;19;3;1;0;Match Report
Dominik Szoboszlai;2023-12-03;Sun;Matchweek 14;Home;W 4–3;Liverpool;Fulham;Y;RM;63;0;0;0;0;3;2;0;0;49;0;0;2;0.1;0.1;0.0;3;0;34;42;81.0;4;27;3;0;0;Match Report
Dominik Szoboszlai;2023-12-06;Wed;Matchweek 15;Away;W 2–0;Liverpool;Sheffield Utd;Y;RM;90;1;0;0;0;1;1;0;0;83;4;1;2;0.5;0.5;0.1;4;0;60;74;81.1;5;52;4;4;2;Match Report
Dominik Szoboszlai;2023-12-09;Sat;Matchweek 16;Away;W 2–1;Liverpool;Crystal Palace;Y;RM;73;0;0;0;0;2;0;0;0;62;2;0;2;0.1;0.1;0.0;3;0;47;51;92.2;4;36;2;3;0;Match Report
Dominik Szoboszlai;2023-12-17;Sun;Matchweek 17;Home;D 0–0;Liverpool;Manchester Utd;Y;RM;60;0;0;0;0;1;0;0;0;54;2;1;0;0.0;0.0;0.0;1;0;33;47;70.2;4;33;2;1;1;Match Report
Dominik Szoboszlai;2023-12-23;Sat;Matchweek 18;Home;D 1–1;Liverpool;Arsenal;Y;RM;90;0;0;0;0;2;0;0;0;52;4;1;2;0.1;0.1;0.0;1;0;32;41;78.0;3;32;4;2;2;Match Report
Dominik Szoboszlai;2023-12-26;Tue;Matchweek 19;Away;W 2–0;Liverpool;Burnley;N;RM;24;0;0;0;0;1;0;0;0;20;0;0;0;0.0;0.0;0.0;1;0;14;17;82.4;1;14;1;1;0;Match Report
Dominik Szoboszlai;2024-01-01;Mon;Matchweek 20;Home;W 4–2;Liverpool;Newcastle Utd;Y;RM;63;0;0;0;0;3;0;0;0;55;2;1;0;0.1;0.1;0.1;4;0;35;44;79.5;6;29;5;3;2;Match Report
Dominik Szoboszlai;2024-01-31;Wed;Matchweek 22;Home;W 4–1;Liverpool;Chelsea;Y;RM;68;1;0;0;0;3;1;0;0;64;1;0;0;0.3;0.3;0.0;4;0;43;56;76.8;5;31;2;1;1;Match Report
Dominik Szoboszlai;2024-03-02;Sat;Matchweek 27;Away;W 1–0;Liverpool;Nott'ham Forest;N;RM;15;0;0;0;0;1;0;0;0;12;0;0;0;0.1;0.1;0.0;0;0;7;10;70.0;1;8;0;0;0;Match Report
Dominik Szoboszlai;2024-03-10;Sun;Matchweek 28;Home;D 1–1;Liverpool;Manchester City;Y;LM;60;0;0;0;0;3;1;0;0;35;0;0;0;0.2;0.2;0.1;2;0;18;27;66.7;3;21;1;0;0;Match Report
Dominik Szoboszlai;2024-03-31;Sun;Matchweek 30;Home;W 2–1;Liverpool;Brighton;Y;LM;89;0;0;0;0;3;0;0;0;72;1;1;2;0.1;0.1;0.1;8;1;51;64;79.7;6;41;5;0;0;Match Report
Dominik Szoboszlai;2024-04-04;Thu;Matchweek 31;Home;W 3–1;Liverpool;Sheffield Utd;Y;RM;72;0;0;0;0;1;1;0;0;99;0;1;0;0.0;0.0;0.1;6;0;77;92;83.7;5;62;1;5;1;Match Report
Dominik Szoboszlai;2024-04-07;Sun;Matchweek 32;Away;D 2–2;Liverpool;Manchester Utd;Y;RM;65;0;0;0;0;5;1;0;0;51;0;1;2;0.8;0.8;0.3;6;0;34;42;81.0;7;30;5;1;1;Match Report
Dominik Szoboszlai;2024-04-14;Sun;Matchweek 33;Home;L 0–1;Liverpool;Crystal Palace;N;RM,LM;45;0;0;0;0;1;0;0;0;46;1;0;1;0.0;0.0;0.5;6;0;30;39;76.9;3;19;0;1;0;Match Report
Dominik Szoboszlai;2024-04-21;Sun;Matchweek 34;Away;W 3–1;Liverpool;Fulham;N;LW;5;0;0;0;0;0;0;0;0;5;0;0;0;0.0;0.0;0.0;0;0;1;5;20.0;0;1;0;0;0;Match Report
Dominik Szoboszlai;2024-04-24;Wed;Matchweek 29;Away;L 0–2;Liverpool;Everton;Y;RM;62;0;0;0;0;1;0;0;0;42;1;0;0;0.0;0.0;0.1;2;0;32;36;88.9;3;23;2;2;1;Match Report
Dominik Szoboszlai;2024-04-27;Sat;Matchweek 35;Away;D 2–2;Liverpool;West Ham;N;CM;1;0;0;0;0;0;0;0;0;4;0;0;0;0.0;0.0;0.0;0;0;2;4;50.0;0;1;0;0;0;Match Report
Dominik Szoboszlai;2024-05-05;Sun;Matchweek 36;Home;W 4–2;Liverpool;Tottenham;N;RM;8;0;0;0;0;1;0;0;0;7;0;1;0;0.1;0.1;0.0;3;0;4;4;100.0;0;3;0;0;0;Match Report
Dominik Szoboszlai;2024-05-13;Mon;Matchweek 37;Away;D 3–3;Liverpool;Aston Villa;N;CM;15;0;0;0;0;2;1;0;0;25;0;0;0;0.2;0.2;0.0;3;0;22;23;95.7;3;10;0;0;0;Match Report
Dominik Szoboszlai;2024-05-19;Sun;Matchweek 38;Home;W 2–0;Liverpool;Wolves;N;LW;10;0;0;0;0;1;1;0;0;11;0;0;0;0.0;0.0;0.2;2;0;8;10;80.0;1;8;2;1;0;Match Report
Luis Díaz;2023-08-13;Sun;Matchweek 1;Away;D 1–1;Liverpool;Chelsea;Y;LW;76;1;0;0;0;4;1;0;0;28;1;0;1;0.8;0.8;0.2;4;0;18;20;90.0;3;21;4;3;2;Match Report
Luis Díaz;2023-08-19;Sat;Matchweek 2;Home;W 3–1;Liverpool;Bournemouth;Y;LW,LM;85;1;0;0;0;3;1;0;0;47;0;0;1;0.4;0.4;0.2;8;0;32;40;80.0;2;27;2;4;3;Match Report
Luis Díaz;2023-08-27;Sun;Matchweek 3;Away;W 2–1;Liverpool;Newcastle Utd;Y;LW;32;0;0;0;0;1;1;0;0;7;0;0;0;0.1;0.1;0.0;1;0;2;4;50.0;0;7;1;1;1;Match Report
Luis Díaz;2023-09-03;Sun;Matchweek 4;Home;W 3–0;Liverpool;Aston Villa;Y;LW;64;0;0;0;0;1;0;0;0;33;0;1;0;0.0;0.0;0.0;2;0;22;27;81.5;1;26;5;1;0;Match Report
Luis Díaz;2023-09-16;Sat;Matchweek 5;Away;W 3–1;Liverpool;Wolves;N;LW,LM;45;0;0;0;0;3;1;0;0;44;3;0;0;0.3;0.3;0.2;3;0;26;34;76.5;2;22;1;1;0;Match Report
Luis Díaz;2023-09-24;Sun;Matchweek 6;Home;W 3–1;Liverpool;West Ham;Y;LW;80;0;0;0;0;1;0;0;0;36;1;0;0;0.0;0.0;0.2;7;1;21;27;77.8;1;26;3;3;1;Match Report
Luis Díaz;2023-09-30;Sat;Matchweek 7;Away;L 1–2;Liverpool;Tottenham;Y;LM,LW;72;0;0;0;0;2;0;0;0;32;1;0;1;0.7;0.7;0.0;3;0;16;24;66.7;2;25;2;4;3;Match Report
Luis Díaz;2023-10-08;Sun;Matchweek 8;Away;D 2–2;Liverpool;Brighton;Y;LW;90;0;0;0;0;2;0;0;0;37;3;0;0;0.1;0.1;0.0;3;1;23;27;85.2;4;25;2;4;2;Match Report
Luis Díaz;2023-10-21;Sat;Matchweek 9;Home;W 2–0;Liverpool;Everton;Y;LW,LB;80;0;0;0;0;3;0;0;0;55;2;0;0;0.2;0.2;0.0;3;0;38;46;82.6;4;36;4;7;3;Match Report
Luis Díaz;2023-11-05;Sun;Matchweek 11;Away;D 1–1;Liverpool;Luton Town;N;LW;8;1;0;0;0;1;1;0;0;13;0;0;0;0.2;0.2;0.0;0;0;7;9;77.8;1;10;3;1;0;Match Report
Luis Díaz;2023-11-12;Sun;Matchweek 12;Home;W 3–0;Liverpool;Brentford;N;LW;8;0;0;0;0;0;0;0;0;7;0;0;0;0.0;0.0;0.0;0;0;2;4;50.0;0;4;0;1;0;Match Report
Luis Díaz;2023-11-25;Sat;Matchweek 13;Away;D 1–1;Liverpool;Manchester City;N;LW;37;0;0;0;0;0;0;0;0;11;0;0;0;0.0;0.0;0.0;2;1;6;9;66.7;1;10;1;0;0;Match Report
Luis Díaz;2023-12-03;Sun;Matchweek 14;Home;W 4–3;Liverpool;Fulham;Y;LW,AM;90;0;0;0;0;5;4;0;0;57;1;0;1;0.5;0.5;0.0;3;0;29;38;76.3;6;31;2;4;1;Match Report
Luis Díaz;2023-12-06;Wed;Matchweek 15;Away;W 2–0;Liverpool;Sheffield Utd;Y;LW;66;0;0;0;0;0;0;0;0;29;0;0;0;0.0;0.0;0.1;2;0;17;19;89.5;3;23;2;4;2;Match Report
Luis Díaz;2023-12-09;Sat;Matchweek 16;Away;W 2–1;Liverpool;Crystal Palace;Y;LW;90;0;0;0;0;2;0;1;0;40;0;0;0;0.1;0.1;0.2;2;0;25;29;86.2;4;31;1;6;2;Match Report
Luis Díaz;2023-12-17;Sun;Matchweek 17;Home;D 0–0;Liverpool;Manchester Utd;Y;LW;77;0;0;0;0;3;0;0;0;38;1;0;1;0.2;0.2;0.3;9;0;25;28;89.3;6;29;3;4;0;Match Report
Luis Díaz;2023-12-23;Sat;Matchweek 18;Home;D 1–1;Liverpool;Arsenal;Y;LW;67;0;0;0;0;2;0;0;0;22;0;0;0;0.1;0.1;0.0;1;0;10;14;71.4;2;16;2;2;1;Match Report
Luis Díaz;2023-12-26;Tue;Matchweek 19;Away;W 2–0;Liverpool;Burnley;N;LW;24;0;1;0;0;1;1;0;0;14;0;0;0;0.2;0.2;0.1;1;1;10;11;90.9;0;10;0;2;0;Match Report
Luis Díaz;2024-01-01;Mon;Matchweek 20;Home;W 4–2;Liverpool;Newcastle Utd;Y;LW;63;0;0;0;0;1;1;1;0;46;0;1;0;0.1;0.1;0.1;10;1;30;35;85.7;6;26;5;9;5;Match Report
Luis Díaz;2024-01-21;Sun;Matchweek 21;Away;W 4–0;Liverpool;Bournemouth;Y;RW;63;0;0;0;0;1;1;0;0;30;1;0;2;0.0;0.0;0.0;0;0;18;21;85.7;3;19;1;1;0;Match Report
Luis Díaz;2024-01-31;Wed;Matchweek 22;Home;W 4–1;Liverpool;Chelsea;Y;LW;90;1;1;0;0;3;2;0;0;53;1;0;2;0.5;0.5;0.1;3;1;30;40;75.0;2;36;7;2;1;Match Report
Luis Díaz;2024-02-04;Sun;Matchweek 23;Away;L 1–3;Liverpool;Arsenal;Y;LW,RB;90;0;0;0;0;3;1;0;0;45;0;0;0;0.2;0.2;0.0;1;0;22;28;78.6;1;34;5;8;3;Match Report
Luis Díaz;2024-02-10;Sat;Matchweek 24;Home;W 3–1;Liverpool;Burnley;Y;LW;81;1;0;0;0;5;4;0;0;42;1;0;1;1.0;1.0;0.1;5;0;25;27;92.6;9;30;4;3;2;Match Report
Luis Díaz;2024-02-17;Sat;Matchweek 25;Away;W 4–1;Liverpool;Brentford;Y;LW;90;0;1;0;0;2;0;0;0;62;0;0;0;0.1;0.1;0.7;8;1;48;53;90.6;4;50;4;5;4;Match Report
Luis Díaz;2024-02-21;Wed;Matchweek 26;Home;W 4–1;Liverpool;Luton Town;Y;LW;88;1;0;0;0;10;3;0;0;48;2;0;0;1.8;1.8;0.0;7;0;24;27;88.9;1;37;7;6;2;Match Report
Luis Díaz;2024-03-02;Sat;Matchweek 27;Away;W 1–0;Liverpool;Nott'ham Forest;Y;LW;90;0;0;0;0;6;0;0;0;69;2;0;3;0.6;0.6;0.0;8;0;41;46;89.1;6;47;9;1;0;Match Report
Luis Díaz;2024-03-10;Sun;Matchweek 28;Home;D 1–1;Liverpool;Manchester City;Y;LW;90;0;0;0;0;2;0;0;0;56;2;1;1;0.6;0.6;0.3;5;0;36;43;83.7;1;33;6;6;4;Match Report
Luis Díaz;2024-03-31;Sun;Matchweek 30;Home;W 2–1;Liverpool;Brighton;Y;LW;88;1;0;0;0;4;2;0;0;50;1;0;0;0.6;0.6;0.5;5;0;34;37;91.9;5;37;8;7;2;Match Report
Luis Díaz;2024-04-04;Thu;Matchweek 31;Home;W 3–1;Liverpool;Sheffield Utd;Y;LW,AM;90;0;1;0;0;3;0;0;0;67;2;0;0;0.1;0.1;0.5;12;1;49;55;89.1;5;50;7;4;2;Match Report
Luis Díaz;2024-04-07;Sun;Matchweek 32;Away;D 2–2;Liverpool;Manchester Utd;Y;LW;90;1;0;0;0;6;2;0;0;54;0;0;0;1.0;1.0;0.3;10;0;29;34;85.3;6;39;4;10;6;Match Report
Luis Díaz;2024-04-14;Sun;Matchweek 33;Home;L 0–1;Liverpool;Crystal Palace;Y;LW;65;0;0;0;0;1;1;0;0;25;1;0;0;0.2;0.2;0.0;4;0;12;17;70.6;2;17;2;2;1;Match Report
Luis Díaz;2024-04-21;Sun;Matchweek 34;Away;W 3–1;Liverpool;Fulham;Y;RW;73;0;0;0;0;1;0;0;0;27;1;0;0;0.1;0.1;0.0;3;0;17;22;77.3;1;19;2;4;3;Match Report
Luis Díaz;2024-04-24;Wed;Matchweek 29;Away;L 0–2;Liverpool;Everton;Y;LW;90;0;0;0;0;3;1;1;0;64;2;0;0;0.3;0.3;0.4;5;0;46;51;90.2;10;47;7;4;2;Match Report
Luis Díaz;2024-04-27;Sat;Matchweek 35;Away;D 2–2;Liverpool;West Ham;Y;LW;78;0;1;0;0;3;2;0;0;51;0;0;1;0.1;0.1;0.5;10;1;36;44;81.8;5;37;7;4;3;Match Report
Luis Díaz;2024-05-05;Sun;Matchweek 36;Home;W 4–2;Liverpool;Tottenham;Y;LW;74;0;0;0;0;2;1;0;0;30;2;0;0;0.3;0.3;0.1;3;0;19;19;100.0;3;20;4;2;2;Match Report
Luis Díaz;2024-05-13;Mon;Matchweek 37;Away;D 3–3;Liverpool;Aston Villa;Y;LW;75;0;0;0;0;0;0;0;0;35;3;0;0;0.0;0.0;0.2;4;0;23;30;76.7;1;22;4;1;1;Match Report
Luis Díaz;2024-05-19;Sun;Matchweek 38;Home;W 2–0;Liverpool;Wolves;Y;LW;70;0;0;0;0;4;1;0;0;49;1;0;0;0.5;0.5;0.3;6;0;30;36;83.3;0;38;6;9;3;Match Report
